Year,Lake,Rainbow Smelt,Suckers,Lake Trout,Walleye,Channel Catfish,Burbot,Carp,Yellow Perch
1867,Erie,NA,NA,NA,NA,NA,NA,NA,NA
1867,Huron,NA,NA,974,137,NA,NA,NA,NA
1867,Ontario,NA,NA,382,NA,NA,NA,NA,NA
1867,Superior,NA,NA,117,NA,NA,NA,NA,NA
1868,Erie,NA,NA,NA,NA,NA,NA,NA,NA
1868,Huron,NA,NA,927,22,NA,NA,NA,NA
1868,Ontario,NA,NA,613,NA,NA,NA,NA,1
1868,Superior,NA,NA,92,8,NA,NA,NA,NA
1869,Erie,NA,NA,NA,NA,NA,NA,NA,NA
1869,Huron,NA,NA,955,50,NA,NA,NA,NA
1869,Ontario,NA,NA,406,NA,NA,NA,NA,2
1869,Superior,NA,NA,79,8,NA,NA,NA,NA
1870,Erie,NA,NA,NA,NA,NA,NA,NA,NA
1870,Huron,NA,NA,1143,121,NA,NA,NA,NA
1870,Ontario,NA,NA,264,NA,NA,NA,NA,10
1870,Superior,NA,NA,667,30,NA,NA,NA,NA
1871,Erie,NA,NA,NA,NA,NA,NA,NA,NA
1871,Huron,NA,NA,1004,4,NA,NA,NA,NA
1871,Ontario,NA,NA,306,NA,NA,NA,NA,0
1871,Saint Clair,NA,NA,NA,NA,NA,NA,NA,NA
1871,Superior,NA,NA,169,0,NA,NA,NA,NA
1872,Erie,NA,NA,NA,NA,NA,NA,NA,NA
1872,Huron,NA,NA,1094,25,NA,NA,NA,NA
1872,Ontario,NA,NA,187,NA,NA,NA,NA,0
1872,Saint Clair,NA,NA,NA,NA,NA,NA,NA,NA
1872,Superior,NA,NA,227,14,NA,NA,NA,NA
1873,Erie,NA,NA,NA,NA,NA,NA,NA,NA
1873,Huron,NA,NA,945,17,NA,NA,NA,NA
1873,Ontario,NA,NA,241,NA,NA,NA,NA,0
1873,Saint Clair,NA,NA,NA,NA,NA,NA,NA,NA
1873,Superior,NA,NA,300,0,NA,NA,NA,NA
1874,Erie,NA,NA,NA,NA,NA,NA,NA,NA
1874,Huron,NA,NA,2261,91,NA,NA,NA,NA
1874,Ontario,NA,NA,118,NA,NA,NA,NA,0
1874,Saint Clair,NA,NA,NA,137,NA,NA,NA,NA
1874,Superior,NA,NA,337,0,NA,NA,NA,NA
1875,Erie,NA,NA,NA,NA,NA,NA,NA,NA
1875,Huron,NA,NA,1198,166,NA,NA,NA,NA
1875,Ontario,NA,NA,325,NA,NA,NA,NA,0
1875,Saint Clair,NA,NA,NA,260,NA,NA,NA,NA
1875,Superior,NA,NA,191,0,NA,NA,NA,NA
1876,Erie,NA,NA,NA,NA,NA,NA,NA,NA
1876,Huron,NA,NA,1170,99,NA,NA,NA,NA
1876,Ontario,NA,NA,378,NA,NA,NA,NA,0
1876,Saint Clair,NA,NA,NA,99,NA,NA,NA,NA
1876,Superior,NA,NA,679,0,NA,NA,NA,NA
1877,Erie,NA,NA,NA,NA,NA,NA,NA,NA
1877,Huron,NA,NA,1297,111,NA,NA,NA,NA
1877,Ontario,NA,NA,401,NA,NA,NA,NA,0
1877,Saint Clair,NA,NA,NA,130,NA,NA,NA,NA
1877,Superior,NA,NA,607,0,NA,NA,NA,NA
1878,Erie,NA,NA,NA,NA,NA,NA,NA,NA
1878,Huron,NA,NA,577,125,NA,NA,NA,NA
1878,Ontario,NA,NA,362,NA,NA,NA,NA,0
1878,Saint Clair,NA,NA,NA,102,NA,NA,NA,NA
1878,Superior,NA,NA,98,115,NA,NA,NA,NA
1879,Erie,NA,NA,NA,NA,NA,NA,NA,NA
1879,Huron,NA,NA,2678,112,NA,NA,NA,NA
1879,Michigan,NA,NA,0,NA,NA,NA,NA,NA
1879,Ontario,NA,NA,1008,NA,NA,NA,NA,0
1879,Saint Clair,NA,NA,NA,153,NA,NA,NA,NA
1879,Superior,NA,NA,189,0,NA,NA,NA,NA
1880,Erie,NA,NA,NA,NA,NA,NA,NA,NA
1880,Huron,NA,NA,1471,33,NA,NA,NA,NA
1880,Michigan,NA,NA,0,NA,NA,NA,NA,NA
1880,Ontario,NA,NA,250,NA,NA,NA,NA,0
1880,Saint Clair,NA,NA,NA,149,NA,NA,NA,NA
1880,Superior,NA,NA,313,20,NA,NA,NA,NA
1881,Erie,NA,NA,NA,NA,NA,NA,NA,NA
1881,Huron,NA,NA,1213,195,NA,NA,NA,NA
1881,Michigan,NA,NA,0,NA,NA,NA,NA,NA
1881,Ontario,NA,NA,382,NA,NA,NA,NA,1
1881,Saint Clair,NA,NA,NA,134,NA,NA,NA,NA
1881,Superior,NA,NA,181,0,NA,NA,NA,NA
1882,Erie,NA,NA,NA,NA,NA,NA,NA,NA
1882,Huron,NA,NA,1982,862,NA,NA,NA,NA
1882,Michigan,NA,NA,0,NA,NA,NA,NA,NA
1882,Ontario,NA,NA,251,NA,NA,NA,NA,0
1882,Saint Clair,NA,NA,NA,159,NA,NA,NA,NA
1882,Superior,NA,NA,416,40,NA,NA,NA,NA
1883,Erie,NA,NA,NA,NA,NA,NA,NA,NA
1883,Huron,NA,NA,3381,651,NA,NA,NA,NA
1883,Michigan,NA,NA,0,NA,NA,NA,NA,NA
1883,Ontario,NA,NA,317,NA,NA,NA,NA,0
1883,Saint Clair,NA,NA,NA,111,NA,NA,NA,NA
1883,Superior,NA,NA,852,38,NA,NA,NA,NA
1884,Erie,NA,NA,NA,NA,NA,NA,NA,NA
1884,Huron,NA,NA,4081,793,NA,NA,NA,NA
1884,Michigan,NA,NA,0,NA,NA,NA,NA,NA
1884,Ontario,NA,NA,377,NA,NA,NA,NA,0
1884,Saint Clair,NA,NA,NA,145,NA,NA,NA,NA
1884,Superior,NA,NA,646,11,NA,NA,NA,NA
1885,Erie,NA,NA,NA,2705,NA,NA,NA,1602
1885,Huron,NA,NA,9054,2342,NA,NA,NA,NA
1885,Michigan,NA,252,6431,675,NA,NA,NA,NA
1885,Ontario,NA,NA,329,NA,NA,NA,NA,0
1885,Saint Clair,NA,NA,NA,308,NA,NA,NA,NA
1885,Superior,NA,NA,4400,284,NA,NA,NA,NA
1886,Erie,NA,NA,NA,0,NA,NA,NA,0
1886,Huron,NA,NA,3318,515,NA,NA,NA,NA
1886,Michigan,NA,0,0,0,NA,NA,NA,NA
1886,Ontario,NA,NA,236,NA,NA,NA,NA,0
1886,Saint Clair,NA,NA,NA,70,NA,NA,NA,NA
1886,Superior,NA,NA,842,153,NA,NA,NA,NA
1887,Erie,NA,NA,NA,0,NA,NA,NA,0
1887,Huron,NA,NA,3231,305,NA,NA,NA,NA
1887,Michigan,NA,0,0,0,NA,NA,NA,NA
1887,Ontario,NA,NA,117,NA,NA,NA,NA,0
1887,Saint Clair,NA,NA,NA,90,NA,NA,NA,NA
1887,Superior,NA,NA,703,69,NA,NA,NA,NA
1888,Erie,NA,NA,NA,0,NA,NA,NA,0
1888,Huron,NA,NA,3607,638,NA,NA,NA,NA
1888,Michigan,NA,0,0,0,NA,NA,NA,NA
1888,Ontario,NA,NA,97,NA,NA,NA,NA,0
1888,Saint Clair,NA,NA,NA,92,NA,NA,NA,NA
1888,Superior,NA,NA,971,90,NA,NA,NA,NA
1889,Erie,NA,1072,NA,55,NA,NA,NA,3830
1889,Huron,NA,1007,5990,3174,NA,NA,NA,2417
1889,Michigan,NA,1729,5580,489,NA,NA,NA,2182
1889,Ontario,NA,74,134,NA,NA,NA,NA,85
1889,Saint Clair,NA,139,NA,364,NA,NA,NA,217
1889,Superior,NA,1,4388,240,NA,NA,NA,NA
1890,Erie,NA,0,NA,2152,NA,NA,NA,2900
1890,Huron,NA,1110,6657,2377,NA,NA,NA,1818
1890,Michigan,NA,1801,8365,566,NA,NA,NA,1944
1890,Ontario,NA,279,146,NA,NA,NA,NA,359
1890,Saint Clair,NA,0,NA,562,NA,NA,NA,734
1890,Superior,NA,0,3305,116,NA,NA,NA,NA
1891,Erie,NA,124,NA,83,NA,NA,NA,0
1891,Huron,NA,2074,10270,4443,NA,NA,NA,2592
1891,Michigan,NA,45,3686,128,NA,NA,NA,68
1891,Ontario,NA,0,169,NA,NA,NA,NA,0
1891,Saint Clair,NA,187,NA,872,NA,NA,NA,830
1891,Superior,NA,0,3806,135,NA,NA,NA,NA
1892,Erie,NA,77,NA,173,NA,NA,20,138
1892,Huron,NA,3674,9857,3724,NA,NA,NA,3656
1892,Michigan,NA,222,6437,220,NA,NA,NA,2645
1892,Ontario,NA,0,195,NA,NA,NA,NA,0
1892,Saint Clair,NA,228,NA,816,NA,NA,NA,342
1892,Superior,NA,11,3655,72,NA,NA,NA,NA
1893,Erie,NA,296,NA,107,NA,0,0,223
1893,Huron,NA,4692,10592,2764,NA,NA,NA,3504
1893,Michigan,NA,450,8526,184,NA,0,0,1159
1893,Ontario,NA,48,246,NA,NA,NA,NA,131
1893,Saint Clair,NA,0,NA,449,NA,NA,NA,0
1893,Superior,NA,16,5471,93,NA,NA,NA,NA
1894,Erie,NA,274,NA,233,NA,0,226,718
1894,Huron,NA,5944,9245,4493,NA,NA,NA,4131
1894,Michigan,NA,189,8533,190,NA,0,0,6515
1894,Ontario,NA,0,161,NA,NA,NA,NA,185
1894,Saint Clair,NA,237,NA,509,NA,NA,NA,322
1894,Superior,NA,3,5151,83,NA,NA,NA,NA
1895,Erie,NA,277,NA,429,NA,0,0,652
1895,Huron,NA,6732,8263,3013,NA,NA,NA,3645
1895,Michigan,NA,282,7696,304,NA,0,0,5959
1895,Ontario,NA,0,106,NA,NA,NA,NA,242
1895,Saint Clair,NA,73,NA,407,NA,NA,NA,145
1895,Superior,NA,0,5104,31,NA,NA,NA,NA
1896,Erie,NA,271,NA,591,NA,0,0,676
1896,Huron,NA,2774,7522,2978,NA,NA,NA,3295
1896,Michigan,NA,187,9020,303,NA,0,0,6364
1896,Ontario,NA,0,161,NA,NA,NA,NA,373
1896,Saint Clair,NA,58,NA,491,NA,NA,NA,176
1896,Superior,NA,13,5988,23,NA,NA,NA,NA
1897,Erie,NA,137,NA,1529,NA,0,0,3753
1897,Huron,NA,3200,5378,4012,NA,NA,NA,3265
1897,Michigan,NA,337,7823,762,NA,0,0,3079
1897,Ontario,NA,53,157,5,NA,2,NA,169
1897,Saint Clair,NA,33,NA,434,NA,NA,NA,152
1897,Superior,NA,0,5337,100,NA,NA,NA,NA
1898,Erie,NA,274,NA,440,NA,0,0,544
1898,Huron,NA,2634,6745,4855,NA,NA,NA,4533
1898,Michigan,NA,287,2540,271,NA,0,0,303
1898,Ontario,NA,0,102,0,NA,0,NA,219
1898,Saint Clair,NA,57,NA,392,NA,NA,NA,109
1898,Superior,NA,0,4165,111,NA,NA,NA,NA
1899,Erie,NA,1628,NA,1845,NA,1,3634,3732
1899,Huron,NA,2766,8144,5367,NA,NA,6,5752
1899,Michigan,NA,1120,5286,283,NA,123,26,3234
1899,Ontario,NA,264,119,10,NA,0,1,635
1899,Saint Clair,NA,59,NA,342,NA,NA,NA,90
1899,Superior,NA,18,5808,49,NA,NA,NA,NA
1900,Erie,NA,282,NA,191,NA,0,0,823
1900,Huron,NA,3420,7299,3051,NA,NA,0,7155
1900,Michigan,NA,630,2016,189,NA,0,0,332
1900,Ontario,NA,0,60,0,NA,0,0,248
1900,Saint Clair,NA,10,NA,435,NA,NA,NA,26
1900,Superior,NA,16,3907,64,NA,NA,NA,NA
1901,Erie,NA,390,NA,401,NA,0,0,644
1901,Huron,NA,3490,7236,2561,NA,NA,0,7081
1901,Michigan,NA,588,2844,153,NA,0,0,489
1901,Ontario,NA,0,65,0,NA,0,0,354
1901,Saint Clair,NA,10,NA,291,NA,NA,NA,58
1901,Superior,NA,19,4576,200,NA,NA,NA,NA
1902,Erie,NA,266,NA,446,NA,0,0,673
1902,Huron,NA,5628,7280,3807,NA,NA,0,5327
1902,Michigan,NA,926,4337,187,NA,0,0,454
1902,Ontario,NA,0,65,0,NA,0,0,545
1902,Saint Clair,NA,20,NA,326,NA,NA,NA,74
1902,Superior,NA,18,3855,82,NA,NA,NA,NA
1903,Erie,NA,877,NA,947,NA,14,3547,1292
1903,Huron,NA,7050,8009,5941,NA,NA,37,4848
1903,Michigan,NA,3273,8943,346,NA,121,536,3598
1903,Ontario,NA,73,76,8,NA,1,4,472
1903,Saint Clair,NA,20,NA,340,NA,NA,NA,57
1903,Superior,NA,164,7352,130,NA,NA,NA,NA
1904,Erie,NA,255,NA,189,NA,0,0,668
1904,Huron,NA,5708,8673,5282,NA,NA,0,3611
1904,Michigan,NA,1803,4254,125,NA,0,0,586
1904,Ontario,NA,0,84,0,NA,0,0,210
1904,Saint Clair,NA,20,NA,362,NA,NA,NA,73
1904,Superior,NA,73,6557,31,NA,NA,NA,NA
1905,Erie,NA,222,NA,452,NA,0,0,659
1905,Huron,NA,6916,9166,4339,NA,NA,0,3743
1905,Michigan,NA,1623,4456,122,NA,0,0,763
1905,Ontario,NA,0,75,0,NA,0,0,176
1905,Saint Clair,NA,10,NA,306,NA,NA,680,48
1905,Superior,NA,88,6085,28,NA,NA,NA,NA
1906,Erie,NA,353,NA,397,NA,0,0,433
1906,Huron,NA,8040,8682,3477,NA,NA,0,4096
1906,Michigan,NA,1695,5103,212,NA,0,0,684
1906,Ontario,NA,0,108,0,NA,0,0,194
1906,Saint Clair,NA,15,NA,322,NA,NA,190,58
1906,Superior,NA,19,5588,25,NA,NA,NA,NA
1907,Erie,NA,370,NA,403,NA,0,0,591
1907,Huron,NA,7292,7914,3205,NA,NA,0,4573
1907,Michigan,NA,2288,4271,207,NA,0,0,554
1907,Ontario,NA,0,107,0,NA,0,0,169
1907,Saint Clair,NA,11,NA,317,NA,NA,0,93
1907,Superior,NA,10,4891,67,NA,NA,NA,NA
1908,Erie,NA,1810,NA,2733,NA,147,8983,2386
1908,Huron,NA,3742,6814,2262,NA,NA,407,2622
1908,Michigan,NA,2809,8631,209,NA,79,484,3557
1908,Ontario,NA,128,191,54,NA,0,21,124
1908,Saint Clair,NA,59,NA,175,NA,NA,300,79
1908,Superior,NA,283,4871,218,NA,NA,NA,NA
1909,Erie,NA,0,NA,0,NA,0,312,581
1909,Huron,NA,0,3330,573,NA,NA,0,58
1909,Michigan,NA,0,4371,156,NA,0,0,1063
1909,Ontario,NA,0,640,0,NA,0,4,108
1909,Saint Clair,NA,0,NA,90,NA,NA,79,109
1909,Superior,NA,0,3583,90,NA,NA,NA,NA
1910,Erie,NA,0,NA,0,NA,0,980,674
1910,Huron,NA,0,3690,417,NA,NA,0,116
1910,Michigan,NA,0,4337,91,NA,0,0,726
1910,Ontario,NA,0,413,0,NA,0,140,128
1910,Saint Clair,NA,0,NA,55,NA,NA,111,38
1910,Superior,NA,0,4227,114,NA,NA,NA,NA
1911,Erie,NA,0,NA,0,NA,0,645,847
1911,Huron,NA,0,4174,550,NA,NA,1,123
1911,Michigan,NA,1017,8166,214,NA,0,4,2072
1911,Ontario,NA,0,385,0,NA,0,86,214
1911,Saint Clair,NA,0,NA,68,NA,NA,225,67
1911,Superior,NA,100,3110,119,NA,NA,NA,NA
1912,Erie,NA,137,NA,134,NA,0,1618,1195
1912,Huron,NA,1320,4910,1068,NA,NA,184,4588
1912,Michigan,NA,1113,6561,164,NA,0,49,2388
1912,Ontario,NA,0,631,0,NA,0,36,123
1912,Saint Clair,NA,0,NA,58,NA,NA,73,81
1912,Superior,NA,268,3047,156,NA,NA,NA,NA
1913,Erie,NA,465,NA,422,110,42,2172,1824
1913,Huron,NA,1580,6032,1020,NA,NA,377,2384
1913,Michigan,NA,700,6305,165,NA,0,6,2935
1913,Ontario,NA,136,604,11,NA,0,62,153
1913,Saint Clair,NA,0,NA,67,NA,NA,133,76
1913,Superior,NA,240,4228,88,NA,NA,NA,NA
1914,Erie,NA,1351,NA,1866,584,109,13419,3447
1914,Huron,NA,1501,4563,1008,NA,NA,28,1134
1914,Michigan,NA,3093,6837,225,2,0,0,2731
1914,Ontario,NA,16,662,5,NA,0,83,112
1914,Saint Clair,NA,0,NA,46,NA,NA,1028,284
1914,Superior,NA,259,3252,189,NA,NA,NA,NA
1915,Erie,NA,1123,NA,2443,405,46,10519,2975
1915,Huron,NA,2306,6641,1653,NA,NA,543,1560
1915,Michigan,NA,824,7704,216,0,0,9,2789
1915,Ontario,NA,23,586,5,NA,0,114,126
1915,Saint Clair,NA,0,NA,37,NA,NA,1214,113
1915,Superior,NA,240,4983,250,NA,NA,NA,NA
1916,Erie,NA,1321,NA,2630,794,247,6640,2407
1916,Huron,NA,4532,8527,2231,NA,NA,35,3760
1916,Michigan,NA,963,6000,275,0,0,1,2262
1916,Ontario,NA,17,554,5,NA,0,269,171
1916,Saint Clair,NA,0,NA,50,NA,NA,607,116
1916,Superior,NA,234,3700,117,NA,NA,NA,NA
1917,Erie,NA,1058,NA,1847,2051,31,6461,2253
1917,Huron,NA,2930,7919,2795,NA,NA,1162,1929
1917,Michigan,NA,4034,6903,195,0,167,246,2101
1917,Ontario,NA,13,493,5,NA,46,398,219
1917,Saint Clair,NA,0,NA,64,NA,NA,188,132
1917,Superior,NA,347,3794,95,NA,NA,NA,NA
1918,Erie,NA,911,NA,1004,287,355,4884,3144
1918,Huron,NA,3556,8966,4270,NA,NA,1300,1944
1918,Michigan,NA,663,5810,121,0,0,5,1928
1918,Ontario,NA,125,411,52,NA,39,148,158
1918,Saint Clair,NA,0,NA,42,NA,NA,225,148
1918,Superior,NA,176,4645,114,NA,NA,NA,NA
1919,Erie,NA,954,NA,744,563,438,3340,3872
1919,Huron,NA,5428,8051,3258,76,NA,2280,2758
1919,Michigan,NA,1097,6584,122,1,22,7,2490
1919,Ontario,NA,40,580,49,NA,94,172,162
1919,Saint Clair,NA,0,NA,61,NA,NA,294,140
1919,Superior,NA,203,4935,118,NA,NA,NA,NA
1920,Erie,NA,1062,NA,1055,557,416,4534,2531
1920,Huron,NA,3802,5386,2139,26,NA,3516,2244
1920,Michigan,NA,919,6983,117,1,60,5,2064
1920,Ontario,NA,17,490,46,NA,43,66,111
1920,Saint Clair,NA,0,NA,27,NA,NA,395,232
1920,Superior,NA,181,3123,101,NA,NA,NA,NA
1921,Erie,NA,1420,NA,1349,1199,442,6887,4157
1921,Huron,NA,3606,5929,1775,32,NA,1799,2033
1921,Michigan,NA,639,6749,141,2,7,4,2105
1921,Ontario,NA,20,584,96,NA,40,80,97
1921,Saint Clair,NA,0,NA,38,NA,NA,317,131
1921,Superior,NA,159,3300,146,NA,NA,NA,NA
1922,Erie,NA,991,NA,2770,553,262,4120,4036
1922,Huron,NA,3972,11266,3020,62,NA,2474,1642
1922,Michigan,NA,1536,7540,64,1,25,750,967
1922,Ontario,NA,20,756,152,NA,40,153,82
1922,Saint Clair,NA,0,NA,60,NA,NA,573,96
1922,Superior,NA,260,3660,122,NA,NA,NA,NA
1923,Erie,NA,1038,NA,1739,530,254,3500,4266
1923,Huron,NA,2890,10494,2592,34,NA,712,1804
1923,Michigan,NA,570,6176,99,1,7,7,873
1923,Ontario,NA,24,791,220,NA,40,364,92
1923,Saint Clair,NA,0,NA,76,NA,NA,305,57
1923,Superior,NA,110,3859,181,NA,NA,NA,NA
1924,Erie,NA,684,NA,1635,248,142,1549,4133
1924,Huron,NA,2144,10370,2060,78,NA,1056,1304
1924,Michigan,NA,624,7224,118,0,12,7,1083
1924,Ontario,NA,92,984,160,NA,40,99,87
1924,Saint Clair,NA,0,NA,58,NA,NA,375,101
1924,Superior,NA,135,4276,104,NA,NA,NA,NA
1925,Erie,NA,80,NA,1469,11,9,2542,4310
1925,Huron,NA,2748,10826,1914,166,NA,958,1208
1925,Michigan,NA,903,6523,93,1,39,12,1481
1925,Ontario,NA,40,1132,96,NA,84,30,97
1925,Saint Clair,NA,0,NA,45,NA,NA,170,65
1925,Superior,NA,140,4522,112,NA,NA,NA,NA
1926,Erie,NA,1044,NA,1466,10,282,4400,4337
1926,Huron,NA,3654,10704,2336,234,NA,932,1148
1926,Michigan,NA,967,6529,82,0,21,7,2267
1926,Ontario,NA,66,845,81,NA,69,60,145
1926,Saint Clair,NA,0,NA,60,NA,NA,192,88
1926,Superior,NA,112,5246,121,NA,NA,NA,NA
1927,Erie,NA,1142,NA,1531,0,358,1895,5237
1927,Huron,NA,4920,11688,2600,356,NA,4002,634
1927,Michigan,NA,815,5699,59,0,35,6,1970
1927,Ontario,NA,62,755,59,NA,89,85,139
1927,Saint Clair,NA,0,NA,48,NA,NA,133,66
1927,Superior,NA,149,5249,104,NA,NA,NA,NA
1928,Erie,NA,1318,NA,1496,221,410,1246,8605
1928,Huron,NA,3746,10556,2548,326,NA,702,730
1928,Michigan,NA,457,4819,52,0,30,11,1152
1928,Ontario,NA,71,849,53,NA,64,136,208
1928,Saint Clair,NA,0,NA,58,NA,NA,123,71
1928,Superior,NA,145,4876,142,NA,NA,NA,NA
1929,Erie,NA,1293,NA,1068,215,368,1177,11732
1929,Huron,NA,3150,9994,2164,332,NA,956,1116
1929,Michigan,NA,2698,6394,53,2,32,607,1380
1929,Ontario,NA,62,618,43,NA,92,111,190
1929,Saint Clair,NA,0,NA,37,NA,NA,45,61
1929,Superior,NA,226,4551,115,NA,NA,NA,NA
1930,Erie,NA,2024,NA,2165,178,405,2176,7760
1930,Huron,NA,4474,9324,2866,164,NA,1940,1526
1930,Michigan,NA,2258,5441,64,11,116,491,1468
1930,Ontario,NA,51,388,40,NA,96,84,164
1930,Saint Clair,NA,0,NA,34,NA,NA,110,70
1930,Superior,NA,95,4019,88,NA,NA,NA,NA
1931,Erie,NA,1417,NA,3011,118,271,2829,13327
1931,Huron,NA,4264,9792,2482,62,NA,1924,1546
1931,Michigan,86,2761,5633,56,23,96,831,1287
1931,Ontario,NA,29,402,35,NA,56,80,101
1931,Saint Clair,NA,0,NA,33,NA,NA,286,68
1931,Superior,NA,166,4320,128,NA,NA,NA,NA
1932,Erie,NA,1322,NA,2320,264,251,3425,14770
1932,Huron,NA,4806,10264,3886,62,NA,2140,1460
1932,Michigan,99,2209,5470,104,6,59,284,955
1932,Ontario,NA,36,320,28,NA,20,103,124
1932,Saint Clair,NA,0,NA,31,NA,NA,312,58
1932,Superior,NA,211,4191,123,NA,NA,NA,NA
1933,Erie,NA,1525,NA,1431,9,251,2648,6164
1933,Huron,NA,3780,10256,4186,86,NA,2000,1106
1933,Michigan,909,1881,5212,167,5,57,919,1009
1933,Ontario,NA,23,365,31,NA,1,103,143
1933,Saint Clair,NA,0,NA,28,NA,NA,356,40
1933,Superior,NA,204,3461,115,NA,NA,NA,NA
1934,Erie,NA,1024,NA,1638,10,254,2219,19889
1934,Huron,NA,4248,10192,4056,72,NA,2146,1360
1934,Michigan,1031,2179,4956,161,3,40,1320,1276
1934,Ontario,NA,47,270,54,NA,8,99,169
1934,Saint Clair,NA,0,NA,33,NA,NA,531,43
1934,Superior,NA,163,4635,92,NA,NA,NA,NA
1935,Erie,NA,1087,NA,2103,437,303,2569,14679
1935,Huron,4,3532,11998,4020,112,NA,2226,2338
1935,Michigan,835,2623,4873,99,2,40,1054,1740
1935,Ontario,NA,51,252,46,NA,5,200,222
1935,Saint Clair,NA,0,NA,35,NA,NA,339,39
1935,Superior,0,227,4995,92,NA,NA,NA,NA
1936,Erie,NA,946,NA,2963,12,455,3048,3305
1936,Huron,0,3626,11432,3990,198,NA,1618,2600
1936,Michigan,1202,2686,4763,116,23,34,1487,2507
1936,Ontario,NA,38,235,35,NA,7,188,220
1936,Saint Clair,NA,0,NA,45,NA,NA,309,33
1936,Superior,0,191,4829,89,NA,NA,NA,NA
1937,Erie,NA,1103,NA,3509,11,370,2381,3442
1937,Huron,0,3452,10484,4094,232,NA,NA,1406
1937,Michigan,1427,2382,4988,78,10,40,1925,2489
1937,Ontario,NA,49,218,26,NA,36,239,197
1937,Saint Clair,NA,0,NA,48,NA,NA,310,32
1937,Superior,0,447,4784,72,NA,NA,NA,NA
1938,Erie,NA,756,NA,3644,22,262,2583,7783
1938,Huron,0,3576,10140,3432,272,NA,NA,1306
1938,Michigan,1854,1858,4905,50,9,34,1874,2203
1938,Ontario,NA,129,293,17,NA,19,279,226
1938,Saint Clair,NA,0,NA,49,NA,NA,303,29
1938,Superior,4,288,4835,135,NA,NA,NA,NA
1939,Erie,NA,1009,NA,5354,18,378,2756,3014
1939,Huron,0,2764,9148,3992,234,NA,1588,1748
1939,Michigan,1992,1853,5660,46,23,42,1689,3090
1939,Ontario,NA,54,285,16,NA,9,1168,177
1939,Saint Clair,NA,0,NA,59,NA,NA,386,39
1939,Superior,0,159,4052,143,NA,NA,NA,NA
1940,Erie,NA,714,NA,4296,28,371,2784,5023
1940,Huron,0,2686,7334,3788,488,NA,1442,1648
1940,Michigan,4209,2016,6265,43,49,35,1978,2575
1940,Ontario,NA,35,201,10,NA,13,946,154
1940,Saint Clair,NA,0,NA,54,NA,NA,424,35
1940,Superior,0,158,3956,166,NA,NA,NA,NA
1941,Erie,NA,698,NA,3256,21,511,2841,5872
1941,Huron,40,2626,7432,3596,772,NA,1446,1282
1941,Michigan,4775,1934,6787,44,39,42,2057,2415
1941,Ontario,NA,52,129,10,NA,46,244,133
1941,Saint Clair,NA,0,NA,83,NA,NA,518,66
1941,Superior,0,138,4153,138,NA,NA,NA,NA
1942,Erie,NA,699,NA,3393,40,374,2683,2924
1942,Huron,3,2392,5850,4724,794,NA,1588,1828
1942,Michigan,3353,2251,6485,31,67,46,1746,2648
1942,Ontario,NA,19,91,13,NA,0,272,234
1942,Saint Clair,NA,0,NA,60,NA,NA,208,33
1942,Superior,1,149,4320,95,NA,NA,NA,NA
1943,Erie,NA,576,NA,3676,63,378,2548,1964
1943,Huron,0,2826,4136,3880,790,NA,2552,2710
1943,Michigan,2225,2201,6860,51,96,58,1511,3135
1943,Ontario,NA,45,79,46,NA,7,266,233
1943,Saint Clair,NA,0,NA,48,NA,NA,130,35
1943,Superior,0,203,4377,224,NA,NA,NA,NA
1944,Erie,NA,456,NA,4274,35,238,2123,3561
1944,Huron,0,2470,3006,2824,650,NA,2380,1892
1944,Michigan,4,2223,6497,76,62,41,1217,2873
1944,Ontario,NA,33,78,52,NA,0,232,197
1944,Saint Clair,NA,0,NA,53,NA,NA,246,40
1944,Superior,0,166,5292,133,NA,NA,NA,NA
1945,Erie,NA,427,NA,6387,44,371,2292,2559
1945,Huron,4,3108,2070,1784,766,NA,4862,1322
1945,Michigan,102,2373,5438,171,4,79,1833,1468
1945,Ontario,NA,29,106,37,NA,0,284,224
1945,Saint Clair,NA,0,NA,55,NA,NA,234,33
1945,Superior,0,276,4847,127,NA,NA,NA,NA
1946,Erie,NA,432,NA,6959,695,400,2041,5103
1946,Huron,6,3292,1540,2338,508,NA,3476,1362
1946,Michigan,267,1895,3975,237,91,65,1272,1473
1946,Ontario,1,14,103,49,0,0,213,199
1946,Saint Clair,NA,0,NA,49,13,NA,288,37
1946,Superior,0,228,4975,159,NA,NA,NA,NA
1947,Erie,NA,568,NA,4707,749,460,1925,4048
1947,Huron,4,2564,780,1444,542,NA,2750,1028
1947,Michigan,787,1621,2426,366,39,73,1032,1400
1947,Ontario,0,23,65,44,2,0,135,154
1947,Saint Clair,NA,0,NA,35,33,NA,141,29
1947,Superior,0,72,4250,180,NA,NA,NA,NA
1948,Erie,NA,469,NA,4821,653,358,1725,4578
1948,Huron,0,2608,698,1378,386,NA,3034,1690
1948,Michigan,1131,1805,1196,636,26,88,1095,1514
1948,Ontario,0,18,42,32,0,0,229,179
1948,Saint Clair,NA,0,NA,44,7,NA,282,11
1948,Superior,1,82,4401,152,NA,NA,NA,NA
1949,Erie,NA,634,NA,6163,867,304,2397,4938
1949,Huron,22,2046,800,1348,334,NA,2028,1506
1949,Michigan,1539,1811,342,1120,27,28,1361,1377
1949,Ontario,4,27,22,30,1,0,202,170
1949,Saint Clair,NA,0,NA,53,24,NA,322,18
1949,Superior,1,64,4321,152,NA,NA,NA,NA
1950,Erie,NA,650,NA,6717,990,235,2153,4720
1950,Huron,232,1954,830,1312,324,NA,2466,1552
1950,Michigan,2417,1228,54,1349,22,16,1147,1483
1950,Ontario,0,8,15,34,0,0,245,140
1950,Saint Clair,NA,0,NA,37,2,NA,294,22
1950,Superior,1,100,4699,178,NA,NA,NA,NA
1951,Erie,NA,558,NA,7205,1283,184,2437,5284
1951,Huron,436,2394,1104,1066,454,NA,3472,1606
1951,Michigan,3399,1008,11,561,9,16,1136,1442
1951,Ontario,7,39,42,92,0,0,227,160
1951,Saint Clair,NA,0,NA,34,2,NA,191,22
1951,Superior,1,127,4184,223,NA,NA,NA,NA
1952,Erie,375,960,NA,7314,1761,269,3211,3943
1952,Huron,456,2822,1176,950,666,NA,3392,1740
1952,Michigan,5112,744,3,301,8,9,1106,1957
1952,Ontario,253,82,34,103,28,0,268,122
1952,Saint Clair,NA,126,NA,68,53,NA,411,30
1952,Superior,45,139,4227,175,NA,NA,NA,NA
1953,Erie,1030,557,NA,8451,1518,205,3215,7390
1953,Huron,424,2744,688,1254,714,NA,2862,1942
1953,Michigan,10362,1639,0,612,10,8,2234,4333
1953,Ontario,289,73,17,75,20,1,384,93
1953,Saint Clair,NA,114,NA,73,58,NA,575,38
1953,Superior,21,109,3784,174,NA,NA,NA,NA
1954,Erie,1266,580,NA,8143,2052,133,4021,12584
1954,Huron,334,2824,336,1094,594,NA,3104,1682
1954,Michigan,11620,1218,0,1018,17,26,2686,5175
1954,Ontario,270,84,8,115,32,0,320,84
1954,Saint Clair,NA,137,NA,71,82,NA,615,23
1954,Superior,25,103,3522,157,NA,NA,NA,NA
1955,Erie,2040,431,NA,10568,2096,100,3515,7161
1955,Huron,318,2470,146,1016,772,NA,3068,1822
1955,Michigan,10815,1368,0,1952,8,23,3712,6726
1955,Ontario,243,62,4,126,29,0,328,84
1955,Saint Clair,NA,92,NA,54,71,NA,497,14
1955,Superior,74,113,3104,152,NA,NA,NA,NA
1956,Erie,3694,400,NA,15405,1789,120,3754,18628
1956,Huron,596,1626,102,1190,766,NA,2704,1146
1956,Michigan,14727,1278,0,1600,16,15,3702,6406
1956,Ontario,272,81,2,122,22,0,625,73
1956,Saint Clair,NA,122,NA,56,85,NA,695,19
1956,Superior,121,75,2339,187,NA,NA,NA,NA
1957,Erie,4475,491,NA,13329,1677,166,4034,20487
1957,Huron,186,1276,40,916,582,NA,2856,842
1957,Michigan,14047,1282,0,534,10,22,4082,5758
1957,Ontario,177,89,1,118,22,0,324,65
1957,Saint Clair,NA,100,NA,75,86,NA,836,28
1957,Superior,139,76,1429,217,NA,NA,NA,NA
1958,Erie,4657,359,NA,9033,1670,159,5144,22471
1958,Huron,204,1202,22,840,606,NA,4614,2200
1958,Michigan,18201,1370,0,434,2,21,2484,6643
1958,Ontario,296,78,2,168,27,0,333,106
1958,Saint Clair,NA,75,NA,67,47,NA,679,49
1958,Superior,332,82,1425,164,NA,NA,NA,NA
1959,Erie,6858,384,NA,3001,1621,60,4405,28955
1959,Huron,140,1286,2,1142,698,NA,2702,1198
1959,Michigan,12008,1224,0,364,0,7,3874,3832
1959,Ontario,208,71,1,152,40,0,554,60
1959,Saint Clair,NA,108,NA,102,58,NA,553,37
1959,Superior,802,102,1106,272,NA,NA,NA,NA
1960,Erie,11496,326,NA,1791,1783,31,4876,18044
1960,Huron,158,1242,2,896,612,NA,2804,2782
1960,Michigan,6517,1534,0,236,4,2,2821,6373
1960,Ontario,188,48,5,127,33,0,332,174
1960,Saint Clair,NA,113,NA,138,86,NA,301,35
1960,Superior,948,96,502,250,NA,NA,NA,NA
1961,Erie,12852,403,NA,1074,1754,7,4951,20979
1961,Huron,64,1562,2,688,504,NA,2960,3382
1961,Michigan,4306,988,0,194,0,6,3684,9735
1961,Ontario,223,69,8,126,17,1,363,222
1961,Saint Clair,NA,132,NA,236,79,NA,267,22
1961,Superior,1340,68,370,228,NA,NA,NA,NA
1962,Erie,19182,324,NA,717,1302,2,4925,28408
1962,Huron,58,1702,0,1004,390,NA,3366,1984
1962,Michigan,3092,525,0,134,0,0,2409,7873
1962,Ontario,202,81,2,120,24,1,287,119
1962,Saint Clair,NA,116,NA,260,86,NA,306,11
1962,Superior,956,66,326,175,NA,NA,NA,NA
1963,Erie,10830,282,NA,2674,1246,4,3532,23785
1963,Huron,30,1288,2,1022,388,NA,3474,2138
1963,Michigan,2366,598,26,120,4,4,2556,9521
1963,Ontario,170,54,1,70,22,1,453,143
1963,Saint Clair,NA,108,NA,329,83,NA,284,16
1963,Superior,1497,78,215,168,NA,NA,NA,NA
1964,Erie,13181,327,NA,1164,1335,4,3097,9871
1964,Huron,64,1298,2,946,342,NA,2090,3090
1964,Michigan,1938,430,0,70,0,15,2638,11041
1964,Ontario,129,50,0,69,21,0,309,318
1964,Saint Clair,NA,90,NA,356,62,NA,219,21
1964,Superior,2040,110,210,216,NA,NA,NA,NA
1965,Erie,11713,269,NA,783,1111,5,3342,21760
1965,Huron,64,1078,2,866,314,NA,2918,2644
1965,Michigan,1854,336,0,52,0,12,4032,2474
1965,Ontario,202,29,0,51,27,0,334,477
1965,Saint Clair,NA,42,NA,274,67,NA,251,47
1965,Superior,1244,57,223,293,NA,NA,NA,NA
1966,Erie,15923,245,NA,1346,902,3,3792,24761
1966,Huron,62,1034,0,660,380,NA,1802,3098
1966,Michigan,2222,806,0,50,0,9,5427,1360
1966,Ontario,141,34,0,48,27,0,317,169
1966,Saint Clair,NA,67,NA,249,48,NA,326,36
1966,Superior,1265,56,228,378,NA,NA,NA,NA
1967,Erie,12504,254,NA,1258,780,6,3094,25452
1967,Huron,112,938,4,588,312,NA,2140,2776
1967,Michigan,2448,772,1,32,3,31,5074,2452
1967,Ontario,155,37,0,27,17,0,414,299
1967,Saint Clair,NA,80,NA,184,74,NA,215,64
1967,Superior,1496,69,403,275,NA,NA,NA,NA
1968,Erie,12224,162,NA,844,861,1,2827,28169
1968,Huron,58,744,8,862,240,NA,2194,2016
1968,Michigan,3578,917,73,20,0,59,4689,1080
1968,Ontario,168,23,0,23,26,0,461,318
1968,Saint Clair,NA,122,NA,226,109,NA,290,59
1968,Superior,1394,93,399,120,NA,NA,NA,NA
1969,Erie,15078,188,NA,475,838,0,3210,33166
1969,Huron,136,638,2,656,284,NA,2800,1944
1969,Michigan,4962,1566,82,28,2,61,4238,1313
1969,Ontario,146,23,0,19,24,0,611,453
1969,Saint Clair,NA,107,NA,328,67,NA,82,48
1969,Superior,1067,117,413,24,NA,NA,NA,NA
1970,Erie,9404,142,NA,99,578,0,3431,23024
1970,Huron,8,632,0,216,484,NA,2524,1624
1970,Michigan,3952,1906,86,24,0,92,3865,1123
1970,Ontario,165,24,0,10,35,0,515,1004
1970,Saint Clair,NA,31,NA,43,0,NA,3,3
1970,Superior,1575,135,357,9,NA,NA,NA,NA
1971,Erie,13132,141,NA,85,729,0,3429,16563
1971,Huron,6,570,1,194,772,NA,2870,1896
1971,Michigan,2642,2565,74,20,0,149,4928,1052
1971,Ontario,205,11,0,7,28,0,499,921
1971,Saint Clair,NA,0,NA,NA,0,NA,0,0
1971,Superior,2449,122,345,4,NA,NA,NA,NA
1972,Erie,10521,211,NA,143,772,0,3314,17512
1972,Huron,12,568,1,154,569,NA,1882,1086
1972,Michigan,1396,846,74,12,0,94,2650,1352
1972,Ontario,221,19,0,6,25,0,471,879
1972,Saint Clair,NA,0,NA,NA,0,NA,0,0
1972,Superior,1524,194,349,2,NA,NA,NA,NA
1973,Erie,17062,145,NA,155,367,0,2452,19917
1973,Huron,50,726,1,390,722,NA,1704,948
1973,Michigan,1749,1408,43,8,0,157,6422,1057
1973,Ontario,104,26,0,5,26,0,432,821
1973,Saint Clair,NA,0,NA,NA,0,NA,0,0
1973,Superior,2502,208,399,1,NA,NA,NA,NA
1974,Erie,15806,132,NA,347,398,0,3152,14580
1974,Huron,428,576,2,538,680,NA,1480,1242
1974,Michigan,3453,1007,36,12,4,231,6488,2131
1974,Ontario,110,21,1,4,28,0,411,751
1974,Saint Clair,NA,0,NA,NA,0,NA,0,0
1974,Superior,3387,304,526,3,NA,NA,NA,NA
1975,Erie,16934,113,NA,252,434,1,3285,10126
1975,Huron,8,588,20,554,666,NA,1366,1622
1975,Michigan,2330,670,38,10,4,274,5760,1342
1975,Ontario,123,12,2,5,30,0,416,660
1975,Saint Clair,NA,0,NA,NA,0,NA,0,0
1975,Superior,1743,274,601,1,NA,NA,NA,NA
1976,Erie,17229,104,NA,323,341,0,3194,6531
1976,Huron,60,868,32,516,854,NA,1564,2066
1976,Michigan,4354,848,10,12,0,160,1496,1303
1976,Ontario,103,13,2,3,4,0,434,627
1976,Saint Clair,NA,0,NA,NA,0,NA,0,0
1976,Superior,4041,197,486,1,NA,NA,NA,NA
1977,Erie,22997,72,NA,599,362,0,3201,11379
1977,Huron,34,663,18,816,936,NA,1662,1374
1977,Michigan,1703,538,0,22,2,238,1054,1591
1977,Ontario,64,14,1,4,9,0,236,633
1977,Saint Clair,NA,0,NA,NA,0,NA,0,0
1977,Superior,2495,170,559,4,NA,NA,NA,NA
1978,Erie,26630,76,0,659,326,0,1921,11386
1978,Huron,18,680,72,NA,1010,NA,1470,1086
1978,Michigan,2739,778,668,12,6,246,1524,1258
1978,Ontario,104,16,0,20,4,0,10,721
1978,Saint Clair,NA,0,NA,NA,0,NA,0,0
1978,Superior,3080,131,993,1,NA,79,NA,90
1979,Erie,23860,106,0,1297,349,1,2404,15197
1979,Huron,60,611,158,1204,1136,19,1411,924
1979,Michigan,NA,1891,2,26,4,196,904,2061
1979,Ontario,68,20,0,53,1,0,8,680
1979,Saint Clair,NA,0,NA,NA,0,NA,0,0
1979,Superior,2056.85149888721,375.270393450785,709.50478754124,5.12328369664047,NA,61,0.49487325485902,107.567707489685
1980,Erie,25109,124,4,1858,361,2,1937,15766
1980,Huron,46,707,380,669,1100,76,1240,1471
1980,Michigan,5080,2711,490,6,4,182,318,1467
1980,Ontario,49,19,0,128,26,0,8,611
1980,Saint Clair,NA,12,NA,NA,15,NA,34,0
1980,Superior,529.123106835765,324.242184814058,808.235115830163,6.57725511212879,NA,54,0.150440989473985,86.2885543790432
1981,Erie,30326,113,4,2167,413,2,2745,10764
1981,Huron,42,764,336,684,1158,18,1609,1829
1981,Michigan,4481,2379,798,10,2,158,770,1066
1981,Ontario,74,14,0,4,34,0,161,1285
1981,Saint Clair,NA,42,NA,NA,92,NA,127,3
1981,Superior,449.392361737161,662.174287124252,850.171771212319,4.67800511706169,NA,42,0.089293179585248,142.817919604388
1982,Erie,43566,96,3,2075,309,0,1628,9753
1982,Huron,54,778,759,674,1431,34,1532,1198
1982,Michigan,3709,2096,552,4,6,236,1274,1900
1982,Ontario,82,30,0,3,28,0,31,1287
1982,Saint Clair,NA,41,NA,NA,70,NA,146,5
1982,Superior,272.821627009023,787.434649781092,823.700326903173,3.51276258053952,NA,24,0.066390436660316,146.481463431561
1983,Erie,29494,104,0,3190,325,8,1749,6030
1983,Huron,0,585,924,640,1465,52,1085,1298
1983,Michigan,14249,4733,644,6,12,126,2086,1370
1983,Ontario,98,29,0,4,17,0,97,1412
1983,Saint Clair,NA,51,NA,NA,66,NA,41,9
1983,Superior,439.813005524848,584.424564047594,819.639027480675,3.33500286108205,NA,9,0.088480581950666,95.9876115941072
1984,Erie,16485,63,1,4195,374,2,1313,9257
1984,Huron,34,551,538,573,1217,78,1167,1572
1984,Michigan,4790,3761,686,48,13,215,3138,2469
1984,Ontario,33,71,0,1,20,0,82,1025
1984,Saint Clair,NA,13,NA,NA,59,NA,62,5
1984,Superior,263.892107642457,553.876556910966,769.26380160352,4.80900926727496,NA,14,0.222231461651181,88.8285776623315
1985,Erie,25478,82,1,5575,304,2,1577,9562
1985,Huron,498,480,669,632,1217,68,1064,1410
1985,Michigan,7198,1766,1028,14,12,90,16,2501
1985,Ontario,19,32,0,0,10,0,109,681
1985,Saint Clair,NA,4,NA,NA,44,NA,19,0
1985,Superior,760.484667820096,371.531355725418,902.25364992139,3.99600194685123,NA,9,0.19428522816442,53.3479289117712
1986,Erie,17463,45,0,6747,319,5,1155,11004
1986,Huron,46,521,687,613,1294,65,1809,1320
1986,Michigan,7200,1706,470,4,6,188,2,3381
1986,Ontario,2,34,0,0,14,0,121,613
1986,Saint Clair,NA,0,NA,NA,23,NA,8,0
1986,Superior,604.456748164905,448.640830225223,951.312102927345,5.50800071033761,NA,2.4,0.42043939213583,51.2803372788218
1987,Erie,25561,54,0,6798,361,4,1492,11232
1987,Huron,68,562,569,667,1198,194,1963,1393
1987,Michigan,5400,2613,462,0,12,130,2,3671
1987,Ontario,0,9,0,0,11,0,34,265
1987,Saint Clair,NA,0,NA,NA,11,NA,6,1
1987,Superior,422.376038590474,569.055739549979,901.819361474526,5.49250126611102,NA,1.5,0.377864689495332,51.2368369927135
1988,Erie,20404,31,0,7589,324,1,1432,13396
1988,Huron,137,643,557,734,1144,134,1378,1309
1988,Michigan,5382,1463,568,2,16,268,4,3401
1988,Ontario,0,23,0,0,19,0,79,327
1988,Saint Clair,NA,0,NA,NA,10,NA,0,0
1988,Superior,349.432001400944,975.11171505992,903.141951006209,2.46285490258792,NA,1.6,0.943437225589615,73.770231252088
1989,Erie,16156,47,0,6889,396,5,1097,14011
1989,Huron,200,738,521,598,1489,117,1201,1474
1989,Michigan,5780,5542,682,10,10,184,4,2091
1989,Ontario,0,27,0,17,25,0,125,252
1989,Saint Clair,NA,0,NA,NA,8,NA,0,0
1989,Superior,383.094253309976,805.755184738833,981.935971408684,4.23550220665064,NA,0.3,0.891890669269828,44.8567950301768
1990,Erie,17835,48,0,6641,411,17,1350,9151
1990,Huron,117,658,357,653,1621,114,1046,1305
1990,Michigan,6154,824,892,2,16,126,0,2534
1990,Ontario,0,15,0,25,28,0,89,227
1990,Saint Clair,NA,0,NA,NA,12,NA,0,0
1990,Superior,108.910003795044,487.535784473572,977.155484074443,5.25100033543721,NA,1.1,1.01175812296187,47.5803129431814
1991,Erie,20221,56,0,6158,421,33,1271,5332
1991,Huron,65,678,347,643,1440,68,577,1534
1991,Michigan,3438,1007,476,2,1,66,1,2320
1991,Ontario,0,16,0,26,27,0,71,304
1991,Saint Clair,NA,0,NA,NA,9,NA,0,0
1991,Superior,71.6840040844413,498.31933391334,627.324060045754,9.27175047191411,NA,1.3,0.548870399726711,78.4110157215494
1992,Erie,12711,72,0,6814,382,26,2082,5110
1992,Huron,25,489,400,592,1119,54,286,944
1992,Michigan,3708,2086,606,6,15,176,4,1879
1992,Ontario,0,5,0,2,21,0,23,247
1992,Saint Clair,NA,0,NA,NA,15,NA,2,0
1992,Superior,85.421738832,572.224394753999,1014.4057509,9.07209042,NA,3.2,2.66744921,39.47920519
1993,Erie,17505,69,0,10200,373,10,1421,4236
1993,Huron,166,375,470,969,863,42,211,570
1993,Michigan,4982,602,676,8,34,156,0,3193
1993,Ontario,0,10,0,36,9,0,32,130
1993,Saint Clair,NA,0,NA,NA,8,NA,0,0
1993,Superior,108.352963048,223.94741965,417.404352769999,0.537830936,NA,3.2,11.834308824,31.071588308
1994,Erie,10593,156,1,9328,420,22,2058,3285
1994,Huron,64,298,604,697,786,10,147,780
1994,Michigan,4100,1852,1026,6,10,102,0,2466
1994,Ontario,0,18,0,36,7,0,19,182
1994,Saint Clair,NA,0,NA,NA,5,NA,0,1
1994,Superior,91.3,98.2198082100001,396.104455385999,8.656570036,NA,2.1,0.639863104,30.073008178
1995,Erie,12121,96,0,9971,425,40,2119,2788
1995,Huron,82,250,1073,483,789,19,64,542
1995,Michigan,2844,1238,874,0,2,90,2,1282
1995,Ontario,0,25,0,34,4,2,23,225
1995,Saint Clair,NA,1,NA,NA,10,NA,0,0
1995,Superior,175.174820636,49.63183923,395.19504728,7.180248096,NA,8,0.637834872,40.478603388
1996,Erie,8745,88,0,10937,487,15,2035,3379
1996,Huron,13,142,1310,380,696,28,44,539
1996,Michigan,1782,1548,1496,6,0,54,0,793
1996,Ontario,0,20,0,37,7,1,22,183
1996,Saint Clair,NA,1,NA,NA,9,NA,0,0
1996,Superior,264.45785726,51.292128738,441.197852457999,6.085516434,NA,0,2.360172062,17.168807512
1997,Erie,13062,75,0,10700,335,19,1750,4841
1997,Huron,31,224,1028,471,828,36,154,572
1997,Michigan,1326,1008,1614,18,2,90,0,249
1997,Ontario,0,7,0,41,4,0,18,212
1997,Saint Clair,NA,0,NA,NA,0,NA,0,0
1997,Superior,42.62489691,55.95877614,425.163177917999,3.702206568,NA,0,2.084685246,29.33848611
1998,Erie,14190,66,0,10333,334,19,1997,4544
1998,Huron,18,116,952,454,556,10,69,722
1998,Michigan,1402,1036,1778,4,0,94,0,414
1998,Ontario,0,6,0,37,3,0,7,285
1998,Saint Clair,NA,0,NA,NA,11,NA,0,0
1998,Superior,18.960966402,83.5182665820001,389.807684878,2.219712404,1,0,0.799035224,56.395182614
1999,Erie,12521,40,0,9148,337,42,1583,4186
1999,Huron,30,98,1004,420,522,9,51,750
1999,Michigan,2672,92,1960,2,2,64,0,354
1999,Ontario,0,5,0,19,1,0,4,308
1999,Saint Clair,NA,0,NA,NA,4,NA,0,1
1999,Superior,36.251989784,49.755884716,432.805751625999,2.348678224,NA,0,0.635343674,46.825351264
2000,Erie,7162,36,0,7044,280,35,1484,4340
2000,Huron,6,57,1151,414,514,2,72,803
2000,Michigan,774,16,1244,26,0,26,NA,116
2000,Ontario,NA,7,NA,12,2,NA,11,316
2000,Saint Clair,NA,0,NA,NA,6,NA,0,0
2000,Superior,80.762999866,30.761063182,540.155325841999,2.977382772,0,0,0.66490736,45.2736876459999
2001,Erie,9345,43,0,3792,343,10,1123,4719
2001,Huron,2,44,1272,502,602,2,70,923
2001,Michigan,656,17,982,26,0,34,NA,78
2001,Ontario,NA,9,NA,18,9,NA,24,239
2001,Saint Clair,NA,0,NA,NA,7,NA,0,0
2001,Superior,114.13515111,29.953759794,429.638022776,7.754280532,32,0,0,31.374919222
2002,Erie,7480,41,0,3928,356,9,913,6385
2002,Huron,6,47,1467,384,547,5,48,760
2002,Michigan,905,5,580,30,2,23,NA,40
2002,Ontario,NA,7,NA,7,4,NA,23,152
2002,Saint Clair,NA,19,NA,NA,5,NA,4,0
2002,Superior,55.594141368,4.33753738,494.407261131999,3.53603038,0,0,0,23.380724418
2003,Erie,7395,16,0,3939,332,5,647,6564
2003,Huron,2,74,1642,391,357,0,34,314
2003,Michigan,370,250,372,18,0,40,0,38
2003,Ontario,NA,6,NA,6,2,NA,14,106
2003,Saint Clair,NA,13,NA,NA,1,NA,2,0
2003,Superior,10.42001457,7.07708685,401.445801734,5.885827046,0,0,0,11.422076692
2004,Erie,12967,109,0,2820,293,9,557,6969
2004,Huron,0,43,1903,396,490,4,80,298
2004,Michigan,831,6,340,44,0,21,NA,35
2004,Ontario,NA,11,NA,7,0,NA,13,112
2004,Saint Clair,NA,11,NA,NA,3,NA,3,0
2004,Superior,10.844,9,584.5,3.5,0,4,0,2
2005,Erie,6881,130,0,6404,337,13,669,7749
2005,Huron,2,56,1578,282,254,4,71,203
2005,Michigan,1351,49,446,38,0,27,NA,46
2005,Ontario,NA,12,NA,9,2,NA,6,105
2005,Saint Clair,NA,4,NA,NA,9,NA,2,0
2005,Superior,16.649,7.7,488.2,7.1,0,3,0,17
2006,Erie,1847,99,0,7978,444,5,662,9197
2006,Huron,0,25,1526,482,294,3,78,550
2006,Michigan,1673,2,474,6,2,26,NA,181
2006,Ontario,NA,8,NA,11,2,NA,7,227
2006,Saint Clair,NA,6,NA,NA,6,NA,2,0
2006,Superior,25.689,8.3,563.7,5.4,NA,1,NA,15
2007,Erie,9885,56,0,5785,451,5,567,7749
2007,Huron,0,40,1544,466,308,0,52,658
2007,Michigan,858,0,542,40,0,22,NA,132
2007,Ontario,NA,5,NA,15,0,NA,7,229
2007,Saint Clair,NA,5,NA,NA,10,NA,1,0
2007,Superior,17,2,449.6,13,NA,4,NA,2
2008,Erie,8219,77,0,4980,528,1,409,6560
2008,Huron,0,35,1448,478,229,0,30,617
2008,Michigan,382,8,696,56,0,22,0,138
2008,Ontario,NA,5,NA,19,0,NA,4,127
2008,Saint Clair,NA,6,NA,NA,0,NA,1,0
2008,Superior,21,1,411.6,11,NA,3,NA,3
2009,Erie,8068,102,0,3520,501,5,454,7387
2009,Huron,0,25,1390,578,278,0,35,632
2009,Michigan,90,4,782,22,0,24,NA,126
2009,Ontario,NA,8,NA,22,0,NA,3,172
2009,Superior,11,1,425.852,7,NA,0.68,NA,1
2010,Erie,3255,47,0,3274,531,3,449,7938
2010,Huron,0,19,1282,552,374,2,36,773
2010,Michigan,646,11,852,18,0,24,NA,152
2010,Ontario,NA,7,NA,25,0,NA,2,184
2010,Superior,29,4,370.964,3,NA,0.46,0,0
2011,Erie,5910,67,0,4417,678,3,213,7942
2011,Huron,0,20,1293,446,286,0,36,862
2011,Michigan,534,4,976,18,2,36,0,101
2011,Ontario,NA,5,NA,24,0,NA,1,221
2011,Superior,51,1,364.7335,8,NA,0.445,NA,11
2012,Erie,7452,54,0,5050,538,1,610,8698
2012,Huron,0,16,1482,456,332,6,20,979
2012,Michigan,64,4,1014,18,2,24,0,134
2012,Ontario,NA,19,NA,32,0,NA,0,163
2012,Superior,85,3,474.67875,8,NA,0.76,NA,7
2013,Erie,6935,62,0,4553,588,1,404,7481
2013,Huron,0,34,1528,516,178,0,10,1060
2013,Michigan,3,7,1316,20,0,18,0,170
2013,Ontario,NA,11,NA,24,0,NA,0,76
2013,Superior,33,3,432.8325,12,NA,1.52,NA,6
2014,Erie,6051,21,0,4871,558,2,441,7012
2014,Huron,0,17,1314,476,212,1,16,1144
2014,Michigan,0,26,1338,14,0,17,0,94
2014,Ontario,NA,10,NA,28,NA,NA,5,78
2014,Superior,8,5,365.93475,5,NA,3.48,0,0
2015,Erie,8333,30,61,4883,619,1,314,5751
2015,Huron,0,23,1458,385,88,4,8,600
2015,Michigan,0,30,886,10,0,19,0,110
2015,Ontario,NA,6,NA,17,NA,NA,8,75
2015,Superior,34,14,367.81175,5,NA,4,0,0
